0,1,2,3,4,5,6,7,8,9,10,11,12,13,14,15
VT-ABC-WO-9571,VT-ABC,BA-1432,Inspection,RET-CUHDG,11/21/2024 4:13,12/9/2024 2:19,5,32,Hydraulic leak,Seal,3,MTC-9WAIO,FALSE,FALSE,
VT-ABC-WO-4993,VT-ABC,KL-339,Inspection,GH-NIUIB,12/5/2024 20:45,10/28/2024 1:08,5,32,Hydraulic leak,Seal,3,RET-0E5NW,FALSE,FALSE,
VT-ABC-WO-3449,VT-ABC,IX-9665,Inspection,OPS-UC1BZ,11/28/2024 5:00,10/8/2024 23:40,5,32,Hydraulic leak,Seal,3,SEC-96PG5,FALSE,FALSE,
VT-ABC-WO-4225,VT-ABC,SQ-7179,Inspection,SEC-O6DDI,12/23/2024 17:40,10/6/2024 20:59,5,32,Hydraulic leak,Seal,3,SEC-ZQ12M,FALSE,FALSE,
VT-ABC-WO-3772,VT-ABC,SG-8995,Inspection,GH-9TI5Z,10/14/2024 3:53,10/24/2024 16:45,5,32,Hydraulic leak,Seal,3,CC-IQNHJ,FALSE,FALSE,
VT-ABC-WO-9363,VT-ABC,6E-8983,Inspection,OPS-24AJ6,12/16/2024 7:40,11/16/2024 4:43,5,32,Hydraulic leak,Seal,3,MTC-NL8AY,FALSE,FALSE,
VT-ABC-WO-3500,VT-ABC,6E-6657,Inspection,CC-8IL9O,10/28/2024 11:21,12/19/2024 10:47,5,32,Hydraulic leak,Seal,3,SEC-SU5SP,FALSE,FALSE,
VT-ABC-WO-5621,VT-ABC,LH-4895,Inspection,OPS-60IQR,11/24/2024 17:27,11/26/2024 15:28,5,32,Hydraulic leak,Seal,3,CC-L6NX7,FALSE,FALSE,
VT-ABC-WO-5140,VT-ABC,IX-1406,Inspection,RET-1LBKT,10/26/2024 14:17,11/25/2024 15:18,5,32,Hydraulic leak,Seal,3,SEC-JU8RJ,FALSE,FALSE,
VT-ABC-WO-1244,VT-ABC,SQ-6749,Inspection,GH-7A031,12/19/2024 21:28,11/9/2024 23:25,5,32,Hydraulic leak,Seal,3,MTC-UN977,FALSE,FALSE,
VT-ABC-WO-7843,VT-ABC,SG-9541,Inspection,GH-DGA01,12/4/2024 11:45,12/11/2024 12:48,5,32,Hydraulic leak,Seal,3,MTC-OABB1,FALSE,FALSE,
VT-ABC-WO-6877,VT-ABC,EK-6820,Inspection,SEC-EJNFX,10/10/2024 22:37,10/4/2024 18:58,5,32,Hydraulic leak,Seal,3,MTC-WSI2V,FALSE,FALSE,
VT-ABC-WO-3029,VT-ABC,SQ-1959,Inspection,MTC-O1VTN,12/8/2024 14:49,12/29/2024 14:34,5,32,Hydraulic leak,Seal,3,RET-V2ADN,FALSE,FALSE,
VT-ABC-WO-5059,VT-ABC,SQ-7054,Inspection,MTC-VAXEE,10/22/2024 0:55,10/11/2024 17:39,5,32,Hydraulic leak,Seal,3,GH-RAA3S,FALSE,FALSE,
VT-ABC-WO-1913,VT-ABC,UK-9768,Inspection,RET-URJPE,11/22/2024 22:32,11/30/2024 0:57,5,32,Hydraulic leak,Seal,3,MTC-6L4K4,FALSE,FALSE,
VT-ABC-WO-5454,VT-ABC,EK-3183,Inspection,SEC-QXY4X,12/23/2024 20:18,11/10/2024 8:24,5,32,Hydraulic leak,Seal,3,CC-OYVQF,FALSE,FALSE,
VT-ABC-WO-5050,VT-ABC,LH-6040,Inspection,SEC-YDQZL,12/29/2024 14:45,12/21/2024 18:21,5,32,Hydraulic leak,Seal,3,RET-TTN5I,FALSE,FALSE,
VT-ABC-WO-7132,VT-ABC,LH-4309,Inspection,GH-B5DRM,11/8/2024 19:56,11/10/2024 23:20,5,32,Hydraulic leak,Seal,3,GH-9MR9Q,FALSE,FALSE,
VT-ABC-WO-5218,VT-ABC,AI-3647,Inspection,GH-6XEIR,10/2/2024 3:49,12/5/2024 18:17,5,32,Hydraulic leak,Seal,3,GH-5E94U,FALSE,FALSE,
VT-ABC-WO-1264,VT-ABC,KL-3994,Inspection,RET-SOTU1,12/12/2024 2:54,10/5/2024 9:32,5,32,Hydraulic leak,Seal,3,SEC-H98SV,FALSE,FALSE,
VT-ABC-WO-1139,VT-ABC,KL-7450,Inspection,GH-DZQUS,11/7/2024 9:32,11/20/2024 15:11,5,32,Hydraulic leak,Seal,3,CC-BXQHY,FALSE,FALSE,
VT-ABC-WO-3754,VT-ABC,IX-8680,Inspection,MTC-JFM46,12/25/2024 4:33,10/9/2024 14:37,5,32,Hydraulic leak,Seal,3,RET-MNB22,FALSE,FALSE,
VT-ABC-WO-8099,VT-ABC,EK-9962,Inspection,MTC-MS3B0,11/23/2024 19:36,10/3/2024 7:43,5,32,Hydraulic leak,Seal,3,MTC-AIO3G,FALSE,FALSE,
VT-ABC-WO-7378,VT-ABC,IX-8464,Inspection,SEC-3YJV2,10/15/2024 1:55,11/10/2024 6:51,5,32,Hydraulic leak,Seal,3,MTC-BQELU,FALSE,FALSE,
VT-ABC-WO-6661,VT-ABC,AI-1622,Inspection,OPS-E4L86,10/9/2024 14:35,12/16/2024 14:07,5,32,Hydraulic leak,Seal,3,OPS-OOCGI,FALSE,FALSE,
VT-ABC-WO-6725,VT-ABC,EK-2621,Inspection,RET-EX36R,11/12/2024 21:56,12/25/2024 14:43,5,32,Hydraulic leak,Seal,3,GH-FWXEE,FALSE,FALSE,
VT-ABC-WO-6211,VT-ABC,AF-8336,Inspection,MTC-0015Y,12/29/2024 17:46,10/9/2024 15:39,5,32,Hydraulic leak,Seal,3,MTC-1RTW4,FALSE,FALSE,
VT-ABC-WO-1272,VT-ABC,EK-3938,Inspection,OPS-1NREO,11/28/2024 12:27,11/2/2024 9:31,5,32,Hydraulic leak,Seal,3,CC-4TI36,FALSE,FALSE,
VT-ABC-WO-9814,VT-ABC,SG-3215,Inspection,OPS-7EJ02,10/20/2024 0:31,12/23/2024 8:58,5,32,Hydraulic leak,Seal,3,MTC-UR08E,FALSE,FALSE,
VT-ABC-WO-6426,VT-ABC,SG-5997,Inspection,RET-U43XD,11/14/2024 12:24,10/24/2024 7:02,5,32,Hydraulic leak,Seal,3,CC-8YPDO,FALSE,FALSE,
VT-ABC-WO-3346,VT-ABC,UK-2300,Inspection,MTC-MCCBY,10/2/2024 11:14,12/14/2024 0:31,5,32,Hydraulic leak,Seal,3,OPS-NXZ5T,FALSE,FALSE,
VT-ABC-WO-5431,VT-ABC,AF-3637,Inspection,SEC-WP69O,10/25/2024 6:41,11/7/2024 17:27,5,32,Hydraulic leak,Seal,3,RET-WQWWF,FALSE,FALSE,
VT-ABC-WO-6389,VT-ABC,BA-441,Inspection,CC-CMXS5,10/17/2024 16:23,11/15/2024 16:21,5,32,Hydraulic leak,Seal,3,CC-YIYAJ,FALSE,FALSE,
VT-ABC-WO-6606,VT-ABC,LH-3746,Inspection,CC-WW3A2,11/10/2024 18:18,11/11/2024 18:38,5,32,Hydraulic leak,Seal,3,RET-4PZY1,FALSE,FALSE,
VT-ABC-WO-4769,VT-ABC,SG-9224,Inspection,OPS-QZBDN,10/25/2024 0:16,10/1/2024 23:26,5,32,Hydraulic leak,Seal,3,OPS-O92ML,FALSE,FALSE,
VT-ABC-WO-4562,VT-ABC,EK-280,Inspection,GH-MIMUF,10/24/2024 18:47,11/10/2024 0:36,5,32,Hydraulic leak,Seal,3,RET-Q2BYX,FALSE,FALSE,
VT-ABC-WO-8442,VT-ABC,AF-3478,Inspection,RET-0SILP,11/7/2024 13:12,11/13/2024 22:53,5,32,Hydraulic leak,Seal,3,OPS-MEEP9,FALSE,FALSE,
VT-ABC-WO-6883,VT-ABC,KL-1369,Inspection,MTC-ZO9M2,12/12/2024 8:53,12/11/2024 8:37,5,32,Hydraulic leak,Seal,3,GH-T05WF,FALSE,FALSE,
VT-ABC-WO-9897,VT-ABC,EK-5370,Inspection,GH-RXZ38,10/3/2024 3:43,11/13/2024 17:24,5,32,Hydraulic leak,Seal,3,CC-6M4NM,FALSE,FALSE,
VT-ABC-WO-9369,VT-ABC,BA-4964,Inspection,SEC-HJM8D,10/24/2024 1:50,11/7/2024 17:46,5,32,Hydraulic leak,Seal,3,OPS-CW8EW,FALSE,FALSE,
VT-ABC-WO-2447,VT-ABC,SQ-6988,Inspection,SEC-Y9D2N,12/30/2024 9:16,10/12/2024 23:42,5,32,Hydraulic leak,Seal,3,OPS-WKFN4,FALSE,FALSE,
VT-ABC-WO-2395,VT-ABC,AI-3788,Inspection,MTC-NTCL7,10/25/2024 17:58,11/29/2024 3:56,5,32,Hydraulic leak,Seal,3,SEC-N60SI,FALSE,FALSE,
VT-ABC-WO-3459,VT-ABC,SG-7608,Inspection,GH-3VE2P,10/27/2024 12:08,12/3/2024 8:25,5,32,Hydraulic leak,Seal,3,SEC-W9FHR,FALSE,FALSE,
VT-ABC-WO-1558,VT-ABC,QR-1916,Inspection,OPS-LMZG8,12/1/2024 5:06,12/7/2024 3:14,5,32,Hydraulic leak,Seal,3,GH-3EY7K,FALSE,FALSE,
VT-ABC-WO-6033,VT-ABC,IX-9796,Inspection,OPS-7CP3E,10/19/2024 19:13,10/19/2024 11:51,5,32,Hydraulic leak,Seal,3,RET-YAG2C,FALSE,FALSE,
VT-ABC-WO-2510,VT-ABC,LH-286,Inspection,MTC-4BTKQ,10/17/2024 15:49,12/24/2024 7:03,5,32,Hydraulic leak,Seal,3,GH-XND1T,FALSE,FALSE,
VT-ABC-WO-1687,VT-ABC,SG-1728,Inspection,CC-LFXFY,11/3/2024 23:05,12/9/2024 6:54,5,32,Hydraulic leak,Seal,3,CC-UEZRG,FALSE,FALSE,
VT-ABC-WO-9313,VT-ABC,AI-5756,Inspection,SEC-NH261,11/5/2024 23:28,10/1/2024 4:35,5,32,Hydraulic leak,Seal,3,OPS-C7H94,FALSE,FALSE,
VT-ABC-WO-6659,VT-ABC,AF-7400,Inspection,CC-IGJBM,12/11/2024 8:49,12/23/2024 2:57,5,32,Hydraulic leak,Seal,3,CC-4P58O,FALSE,FALSE,
VT-ABC-WO-3148,VT-ABC,AF-3234,Inspection,CC-NNRAZ,11/15/2024 23:41,12/21/2024 21:48,5,32,Hydraulic leak,Seal,3,CC-RX96H,FALSE,FALSE,
VT-ABC-WO-8198,VT-ABC,SG-4660,Inspection,CC-82EUN,10/4/2024 1:46,12/24/2024 8:47,5,32,Hydraulic leak,Seal,3,CC-DNGUU,FALSE,FALSE,
VT-ABC-WO-2058,VT-ABC,BA-7454,Inspection,GH-PSWXB,12/28/2024 22:47,11/15/2024 11:41,5,32,Hydraulic leak,Seal,3,CC-Q3G1V,FALSE,FALSE,
VT-ABC-WO-2449,VT-ABC,QR-233,Inspection,RET-BQ72K,10/28/2024 6:18,12/8/2024 8:12,5,32,Hydraulic leak,Seal,3,GH-R99SZ,FALSE,FALSE,
VT-ABC-WO-7876,VT-ABC,6E-7500,Inspection,CC-AKVSS,11/11/2024 1:39,12/10/2024 10:55,5,32,Hydraulic leak,Seal,3,SEC-8HS1V,FALSE,FALSE,
VT-ABC-WO-7304,VT-ABC,SG-3164,Inspection,CC-U8QVC,11/1/2024 16:06,10/1/2024 16:34,5,32,Hydraulic leak,Seal,3,CC-4JVV5,FALSE,FALSE,
VT-ABC-WO-5600,VT-ABC,KL-7243,Inspection,OPS-A5524,11/28/2024 14:06,12/24/2024 9:23,5,32,Hydraulic leak,Seal,3,CC-FR5EH,FALSE,FALSE,
VT-ABC-WO-7305,VT-ABC,SQ-7054,Inspection,OPS-J8HN5,12/14/2024 6:25,10/26/2024 17:15,5,32,Hydraulic leak,Seal,3,CC-KVNO3,FALSE,FALSE,
VT-ABC-WO-5185,VT-ABC,QR-4463,Inspection,MTC-4QTU7,12/12/2024 8:37,12/28/2024 3:48,5,32,Hydraulic leak,Seal,3,SEC-GYERG,FALSE,FALSE,
VT-ABC-WO-1248,VT-ABC,SQ-6053,Inspection,RET-L471E,10/30/2024 12:31,12/23/2024 9:33,5,32,Hydraulic leak,Seal,3,CC-OITW2,FALSE,FALSE,
VT-ABC-WO-2483,VT-ABC,QR-4555,Inspection,OPS-BKPGG,12/29/2024 10:35,11/23/2024 5:05,5,32,Hydraulic leak,Seal,3,MTC-ECJUV,FALSE,FALSE,
VT-ABC-WO-8644,VT-ABC,AF-4257,Inspection,MTC-P8PO2,12/26/2024 14:09,12/20/2024 21:46,5,32,Hydraulic leak,Seal,3,MTC-5PFU3,FALSE,FALSE,
VT-ABC-WO-7325,VT-ABC,UK-602,Inspection,OPS-Q7FCW,12/3/2024 21:22,11/5/2024 4:39,5,32,Hydraulic leak,Seal,3,RET-4YLIT,FALSE,FALSE,
VT-ABC-WO-5879,VT-ABC,QR-5671,Inspection,GH-HQT0F,11/7/2024 21:13,12/9/2024 11:30,5,32,Hydraulic leak,Seal,3,MTC-TLX07,FALSE,FALSE,
VT-ABC-WO-6941,VT-ABC,IX-923,Inspection,SEC-5YRKE,11/30/2024 16:52,10/21/2024 23:52,5,32,Hydraulic leak,Seal,3,MTC-EZC3M,FALSE,FALSE,
VT-ABC-WO-8336,VT-ABC,EK-7794,Inspection,MTC-94157,10/17/2024 9:47,10/7/2024 22:17,5,32,Hydraulic leak,Seal,3,SEC-VM7FR,FALSE,FALSE,
VT-ABC-WO-4382,VT-ABC,IX-8671,Inspection,CC-KHQ5N,10/23/2024 15:59,10/22/2024 5:56,5,32,Hydraulic leak,Seal,3,MTC-31RU6,FALSE,FALSE,
VT-ABC-WO-9877,VT-ABC,AI-9070,Inspection,SEC-32RTH,10/15/2024 12:54,10/18/2024 19:02,5,32,Hydraulic leak,Seal,3,RET-SZKFQ,FALSE,FALSE,
VT-ABC-WO-4737,VT-ABC,EK-9096,Inspection,GH-TSDXG,11/14/2024 12:44,10/20/2024 13:39,5,32,Hydraulic leak,Seal,3,SEC-6ZRL1,FALSE,FALSE,
VT-ABC-WO-7869,VT-ABC,EK-5266,Inspection,SEC-7FJVZ,10/23/2024 17:22,12/22/2024 7:07,5,32,Hydraulic leak,Seal,3,RET-WBJDX,FALSE,FALSE,
VT-ABC-WO-4961,VT-ABC,AI-6381,Inspection,RET-FVEU1,12/19/2024 17:05,11/10/2024 23:20,5,32,Hydraulic leak,Seal,3,GH-MQCBV,FALSE,FALSE,
VT-ABC-WO-1087,VT-ABC,KL-5784,Inspection,SEC-KW5P1,12/9/2024 14:19,11/9/2024 12:58,5,32,Hydraulic leak,Seal,3,CC-HZDZZ,FALSE,FALSE,
VT-ABC-WO-6064,VT-ABC,6E-2217,Inspection,MTC-8THQ5,10/16/2024 4:32,11/23/2024 23:45,5,32,Hydraulic leak,Seal,3,MTC-AAN4Z,FALSE,FALSE,
VT-ABC-WO-2365,VT-ABC,AI-2000,Inspection,CC-SSH4Y,11/22/2024 10:17,11/2/2024 23:29,5,32,Hydraulic leak,Seal,3,RET-VJ36G,FALSE,FALSE,
VT-ABC-WO-8343,VT-ABC,6E-7869,Inspection,SEC-YR438,11/7/2024 10:31,12/23/2024 10:35,5,32,Hydraulic leak,Seal,3,CC-PZKM0,FALSE,FALSE,
VT-ABC-WO-8079,VT-ABC,AF-8793,Inspection,SEC-4DOOU,10/6/2024 14:45,10/17/2024 20:26,5,32,Hydraulic leak,Seal,3,MTC-ZQ7WS,FALSE,FALSE,
VT-ABC-WO-8507,VT-ABC,AF-9002,Inspection,OPS-J9D44,12/8/2024 14:56,12/19/2024 13:57,5,32,Hydraulic leak,Seal,3,MTC-4XZXV,FALSE,FALSE,
VT-ABC-WO-1851,VT-ABC,6E-2755,Inspection,SEC-4MSDH,10/11/2024 4:45,11/6/2024 11:24,5,32,Hydraulic leak,Seal,3,OPS-RLEMR,FALSE,FALSE,
VT-ABC-WO-7204,VT-ABC,KL-7305,Inspection,GH-DC5YW,10/9/2024 21:36,11/27/2024 8:35,5,32,Hydraulic leak,Seal,3,GH-P8I2Q,FALSE,FALSE,
VT-ABC-WO-3450,VT-ABC,SQ-3327,Inspection,RET-W74GE,12/21/2024 16:58,11/18/2024 11:44,5,32,Hydraulic leak,Seal,3,GH-ZFE84,FALSE,FALSE,
VT-ABC-WO-9745,VT-ABC,LH-979,Inspection,GH-I0ONQ,11/12/2024 23:37,10/18/2024 3:09,5,32,Hydraulic leak,Seal,3,OPS-6OGDJ,FALSE,FALSE,
VT-ABC-WO-5117,VT-ABC,BA-2358,Inspection,SEC-CZMPV,12/25/2024 7:47,11/25/2024 5:46,5,32,Hydraulic leak,Seal,3,MTC-X2OG3,FALSE,FALSE,
VT-ABC-WO-2572,VT-ABC,KL-8143,Inspection,MTC-DNF9S,10/26/2024 21:19,10/14/2024 10:51,5,32,Hydraulic leak,Seal,3,MTC-DXI73,FALSE,FALSE,
VT-ABC-WO-5603,VT-ABC,UK-7470,Inspection,SEC-9U5JQ,11/20/2024 3:29,12/25/2024 9:03,5,32,Hydraulic leak,Seal,3,CC-Q9VDP,FALSE,FALSE,
VT-ABC-WO-3832,VT-ABC,SQ-5271,Inspection,OPS-E2CHH,10/17/2024 3:23,11/2/2024 18:50,5,32,Hydraulic leak,Seal,3,GH-2VRDF,FALSE,FALSE,
VT-ABC-WO-1439,VT-ABC,LH-2053,Inspection,CC-EZ1EL,10/11/2024 13:38,10/13/2024 20:37,5,32,Hydraulic leak,Seal,3,OPS-5758V,FALSE,FALSE,
VT-ABC-WO-9399,VT-ABC,AF-4097,Inspection,SEC-9FKYD,12/26/2024 10:41,11/2/2024 3:12,5,32,Hydraulic leak,Seal,3,GH-TZGO8,FALSE,FALSE,
VT-ABC-WO-7480,VT-ABC,AF-3478,Inspection,CC-9XLC1,11/22/2024 18:26,12/20/2024 22:58,5,32,Hydraulic leak,Seal,3,OPS-KRT5I,FALSE,FALSE,
VT-ABC-WO-8925,VT-ABC,AF-6113,Inspection,GH-UICU5,11/1/2024 18:01,10/11/2024 2:07,5,32,Hydraulic leak,Seal,3,SEC-08YW3,FALSE,FALSE,
VT-ABC-WO-1939,VT-ABC,LH-286,Inspection,MTC-0N6LY,11/27/2024 10:19,12/15/2024 19:17,5,32,Hydraulic leak,Seal,3,GH-VDA7T,FALSE,FALSE,
VT-ABC-WO-3054,VT-ABC,AF-1366,Inspection,GH-GEBC7,12/24/2024 15:24,10/8/2024 0:48,5,32,Hydraulic leak,Seal,3,OPS-V2APX,FALSE,FALSE,
VT-ABC-WO-6946,VT-ABC,SG-4302,Inspection,GH-GW22F,10/25/2024 5:06,10/29/2024 7:41,5,32,Hydraulic leak,Seal,3,CC-NAQGK,FALSE,FALSE,
VT-ABC-WO-1027,VT-ABC,AI-1245,Inspection,GH-OGONH,12/30/2024 21:54,11/3/2024 21:05,5,32,Hydraulic leak,Seal,3,OPS-B1LYU,FALSE,FALSE,
VT-ABC-WO-7104,VT-ABC,EK-6631,Inspection,CC-TEHOJ,10/12/2024 12:12,10/18/2024 6:55,5,32,Hydraulic leak,Seal,3,SEC-7BH3Y,FALSE,FALSE,
VT-ABC-WO-5580,VT-ABC,IX-3850,Inspection,OPS-WAMG7,11/14/2024 9:50,12/9/2024 14:49,5,32,Hydraulic leak,Seal,3,MTC-TEIIP,FALSE,FALSE,
VT-ABC-WO-9206,VT-ABC,IX-9164,Inspection,GH-PCN2U,10/22/2024 14:16,10/1/2024 0:40,5,32,Hydraulic leak,Seal,3,GH-IL5XY,FALSE,FALSE,
VT-ABC-WO-1577,VT-ABC,SQ-1712,Inspection,RET-F6KFT,10/8/2024 11:38,11/6/2024 18:24,5,32,Hydraulic leak,Seal,3,CC-MEDGY,FALSE,FALSE,
VT-ABC-WO-7606,VT-ABC,6E-8601,Inspection,OPS-GGB5U,11/26/2024 9:56,10/3/2024 18:36,5,32,Hydraulic leak,Seal,3,MTC-1CLZT,FALSE,FALSE,
VT-ABC-WO-6516,VT-ABC,AF-8948,Inspection,OPS-FCK0T,12/19/2024 1:08,10/31/2024 14:27,5,32,Hydraulic leak,Seal,3,OPS-JIWJO,FALSE,FALSE,
VT-ABC-WO-1412,VT-ABC,QR-3827,Inspection,RET-CNAJ5,11/23/2024 21:10,12/9/2024 20:11,5,32,Hydraulic leak,Seal,3,MTC-XVRV6,FALSE,FALSE,
VT-ABC-WO-1336,VT-ABC,KL-1215,Inspection,GH-FU1T1,12/15/2024 18:15,10/28/2024 5:54,5,32,Hydraulic leak,Seal,3,CC-6SDN6,FALSE,FALSE,
VT-ABC-WO-5895,VT-ABC,KL-5784,Inspection,MTC-U6JEL,11/6/2024 21:22,10/30/2024 14:54,5,32,Hydraulic leak,Seal,3,SEC-ZW773,FALSE,FALSE,
VT-ABC-WO-9785,VT-ABC,LH-2599,Inspection,SEC-AOTTU,12/15/2024 1:28,11/5/2024 16:48,5,32,Hydraulic leak,Seal,3,GH-CQ6O0,FALSE,FALSE,
VT-ABC-WO-5346,VT-ABC,6E-9512,Inspection,CC-NDUBP,12/8/2024 1:20,11/23/2024 22:16,5,32,Hydraulic leak,Seal,3,GH-NOEGD,FALSE,FALSE,
VT-ABC-WO-5849,VT-ABC,BA-5219,Inspection,SEC-9AU59,12/15/2024 5:35,11/9/2024 4:24,5,32,Hydraulic leak,Seal,3,SEC-MEHIO,FALSE,FALSE,
VT-ABC-WO-1328,VT-ABC,AI-9248,Inspection,CC-RDIQ2,12/6/2024 16:19,10/16/2024 16:17,5,32,Hydraulic leak,Seal,3,MTC-F4MOX,FALSE,FALSE,
VT-ABC-WO-4522,VT-ABC,IX-8361,Inspection,RET-DSRB9,11/16/2024 9:53,12/22/2024 12:06,5,32,Hydraulic leak,Seal,3,OPS-8FZ7Y,FALSE,FALSE,
VT-ABC-WO-6961,VT-ABC,KL-8158,Inspection,CC-01XPW,11/10/2024 16:10,10/13/2024 1:10,5,32,Hydraulic leak,Seal,3,RET-A9JUT,FALSE,FALSE,
VT-ABC-WO-3505,VT-ABC,SQ-1452,Inspection,GH-9ICP9,11/15/2024 18:10,10/12/2024 1:08,5,32,Hydraulic leak,Seal,3,SEC-46F3M,FALSE,FALSE,
VT-ABC-WO-3755,VT-ABC,UK-8354,Inspection,GH-PYMKM,11/7/2024 1:30,12/7/2024 21:41,5,32,Hydraulic leak,Seal,3,SEC-15OSY,FALSE,FALSE,
VT-ABC-WO-3739,VT-ABC,KL-8143,Inspection,GH-YC2C6,10/7/2024 15:31,11/7/2024 17:35,5,32,Hydraulic leak,Seal,3,MTC-E6HI7,FALSE,FALSE,
VT-ABC-WO-5878,VT-ABC,BA-4692,Inspection,OPS-B5W1Y,12/23/2024 22:56,12/25/2024 4:20,5,32,Hydraulic leak,Seal,3,MTC-3FMMJ,FALSE,FALSE,
VT-ABC-WO-1772,VT-ABC,SG-1280,Inspection,OPS-AIQFZ,12/15/2024 17:39,10/23/2024 1:03,5,32,Hydraulic leak,Seal,3,MTC-IASOD,FALSE,FALSE,
VT-ABC-WO-4406,VT-ABC,EK-8712,Inspection,GH-POQOA,10/21/2024 18:48,11/6/2024 2:54,5,32,Hydraulic leak,Seal,3,MTC-QTX82,FALSE,FALSE,
VT-ABC-WO-5505,VT-ABC,AF-7517,Inspection,MTC-GEEMO,12/17/2024 22:24,11/5/2024 1:47,5,32,Hydraulic leak,Seal,3,MTC-FEGQU,FALSE,FALSE,
VT-ABC-WO-6463,VT-ABC,AF-5445,Inspection,SEC-0UF4P,10/27/2024 18:32,10/29/2024 11:04,5,32,Hydraulic leak,Seal,3,SEC-2DT6F,FALSE,FALSE,
VT-ABC-WO-1331,VT-ABC,UK-7267,Inspection,RET-T1UZR,12/25/2024 1:17,12/29/2024 14:12,5,32,Hydraulic leak,Seal,3,SEC-XAG2V,FALSE,FALSE,
VT-ABC-WO-9903,VT-ABC,UK-9035,Inspection,CC-2KA8D,11/24/2024 21:05,10/10/2024 9:44,5,32,Hydraulic leak,Seal,3,SEC-A7PPL,FALSE,FALSE,
VT-ABC-WO-7707,VT-ABC,KL-7267,Inspection,GH-6ZHRN,11/27/2024 10:20,11/4/2024 14:45,5,32,Hydraulic leak,Seal,3,SEC-4ZCAZ,FALSE,FALSE,
VT-ABC-WO-4540,VT-ABC,QR-8616,Inspection,OPS-GEPA6,12/29/2024 11:37,12/26/2024 21:42,5,32,Hydraulic leak,Seal,3,RET-BO4KH,FALSE,FALSE,
VT-ABC-WO-3208,VT-ABC,6E-3212,Inspection,OPS-K3L48,10/25/2024 14:54,12/15/2024 13:04,5,32,Hydraulic leak,Seal,3,MTC-QZXM8,FALSE,FALSE,
VT-ABC-WO-1542,VT-ABC,UK-8354,Inspection,MTC-QO82H,12/3/2024 13:29,12/6/2024 0:38,5,32,Hydraulic leak,Seal,3,RET-F2SP7,FALSE,FALSE,
VT-ABC-WO-2029,VT-ABC,AF-596,Inspection,GH-ULTVC,10/7/2024 16:23,11/3/2024 4:32,5,32,Hydraulic leak,Seal,3,OPS-IEP9Y,FALSE,FALSE,
VT-ABC-WO-2949,VT-ABC,LH-7321,Inspection,GH-5026X,12/8/2024 3:44,11/10/2024 18:55,5,32,Hydraulic leak,Seal,3,SEC-WV6KN,FALSE,FALSE,
VT-ABC-WO-9647,VT-ABC,UK-3465,Inspection,CC-SLE29,11/25/2024 17:58,10/14/2024 6:41,5,32,Hydraulic leak,Seal,3,GH-N44X1,FALSE,FALSE,
VT-ABC-WO-4445,VT-ABC,AI-9760,Inspection,CC-JEDZ1,10/19/2024 9:44,12/20/2024 16:44,5,32,Hydraulic leak,Seal,3,OPS-4P7SY,FALSE,FALSE,
VT-ABC-WO-2059,VT-ABC,BA-2412,Inspection,OPS-Z62KB,12/7/2024 3:40,12/6/2024 21:59,5,32,Hydraulic leak,Seal,3,RET-RXQFV,FALSE,FALSE,
VT-ABC-WO-2827,VT-ABC,KL-4683,Inspection,CC-K9TML,10/4/2024 0:32,11/13/2024 13:48,5,32,Hydraulic leak,Seal,3,CC-NJL6Q,FALSE,FALSE,
VT-ABC-WO-7256,VT-ABC,AF-8007,Inspection,CC-N45CN,11/9/2024 15:58,10/31/2024 15:15,5,32,Hydraulic leak,Seal,3,MTC-HV6G0,FALSE,FALSE,
VT-ABC-WO-9451,VT-ABC,BA-8354,Inspection,SEC-H8LK6,11/18/2024 13:12,11/28/2024 6:50,5,32,Hydraulic leak,Seal,3,GH-PW0W6,FALSE,FALSE,
VT-ABC-WO-9522,VT-ABC,SQ-6988,Inspection,CC-9E6PA,10/13/2024 0:34,10/1/2024 19:31,5,32,Hydraulic leak,Seal,3,OPS-C89H2,FALSE,FALSE,
VT-ABC-WO-3312,VT-ABC,6E-2348,Inspection,MTC-T732G,10/24/2024 14:15,11/4/2024 21:22,5,32,Hydraulic leak,Seal,3,MTC-MGHU5,FALSE,FALSE,
VT-ABC-WO-3091,VT-ABC,LH-4567,Inspection,GH-0QV61,10/27/2024 20:37,11/21/2024 0:16,5,32,Hydraulic leak,Seal,3,SEC-9V6BD,FALSE,FALSE,
VT-ABC-WO-2804,VT-ABC,KL-2732,Inspection,OPS-D79M9,12/6/2024 17:48,10/13/2024 6:40,5,32,Hydraulic leak,Seal,3,SEC-CJLKS,FALSE,FALSE,
VT-ABC-WO-1733,VT-ABC,6E-3795,Inspection,GH-FF3F9,12/16/2024 14:57,10/4/2024 1:38,5,32,Hydraulic leak,Seal,3,CC-H97B5,FALSE,FALSE,
VT-ABC-WO-9391,VT-ABC,IX-420,Inspection,SEC-DOGNT,11/26/2024 1:15,10/27/2024 10:15,5,32,Hydraulic leak,Seal,3,CC-F0UA7,FALSE,FALSE,
VT-ABC-WO-1715,VT-ABC,SG-4979,Inspection,SEC-UM4P2,10/8/2024 17:31,11/27/2024 13:01,5,32,Hydraulic leak,Seal,3,CC-2KTI9,FALSE,FALSE,
VT-ABC-WO-7836,VT-ABC,IX-2086,Inspection,SEC-L962E,11/15/2024 22:04,11/4/2024 22:21,5,32,Hydraulic leak,Seal,3,RET-C33PF,FALSE,FALSE,
VT-ABC-WO-7446,VT-ABC,SG-8414,Inspection,OPS-U11XT,12/1/2024 15:43,12/8/2024 21:29,5,32,Hydraulic leak,Seal,3,CC-AGGKS,FALSE,FALSE,
VT-ABC-WO-1755,VT-ABC,IX-983,Inspection,SEC-F84WD,11/24/2024 19:05,11/24/2024 11:40,5,32,Hydraulic leak,Seal,3,GH-6TTK3,FALSE,FALSE,
VT-ABC-WO-2936,VT-ABC,BA-7318,Inspection,OPS-40KFB,11/11/2024 2:07,11/3/2024 15:36,5,32,Hydraulic leak,Seal,3,SEC-30K68,FALSE,FALSE,
VT-ABC-WO-4943,VT-ABC,EK-7794,Inspection,OPS-65GC9,12/28/2024 4:52,12/29/2024 13:51,5,32,Hydraulic leak,Seal,3,RET-QEWW0,FALSE,FALSE,
VT-ABC-WO-5782,VT-ABC,EK-1004,Inspection,GH-VMGQ2,10/8/2024 3:31,11/23/2024 12:27,5,32,Hydraulic leak,Seal,3,CC-D24P2,FALSE,FALSE,
VT-ABC-WO-4755,VT-ABC,QR-7902,Inspection,MTC-4C7IB,10/12/2024 15:55,10/9/2024 5:36,5,32,Hydraulic leak,Seal,3,CC-1V9XV,FALSE,FALSE,
VT-ABC-WO-4232,VT-ABC,AI-7113,Inspection,OPS-3MV98,11/21/2024 23:46,11/7/2024 14:16,5,32,Hydraulic leak,Seal,3,CC-XHLQJ,FALSE,FALSE,
VT-ABC-WO-9070,VT-ABC,AF-5669,Inspection,RET-18RFD,12/23/2024 8:11,10/8/2024 7:59,5,32,Hydraulic leak,Seal,3,RET-CJBZU,FALSE,FALSE,
VT-ABC-WO-1340,VT-ABC,EK-1841,Inspection,CC-8SM8G,11/7/2024 8:01,12/10/2024 7:36,5,32,Hydraulic leak,Seal,3,SEC-2HE20,FALSE,FALSE,
VT-ABC-WO-1503,VT-ABC,6E-6601,Inspection,SEC-5DHNO,11/24/2024 15:56,11/9/2024 13:45,5,32,Hydraulic leak,Seal,3,SEC-QULXD,FALSE,FALSE,
VT-ABC-WO-3509,VT-ABC,SG-4660,Inspection,OPS-U39SY,10/29/2024 10:58,11/27/2024 21:31,5,32,Hydraulic leak,Seal,3,CC-1KI8F,FALSE,FALSE,
VT-ABC-WO-3653,VT-ABC,IX-9164,Inspection,OPS-DUPGA,10/6/2024 16:16,10/18/2024 1:44,5,32,Hydraulic leak,Seal,3,GH-OFMWB,FALSE,FALSE,
VT-ABC-WO-6647,VT-ABC,AF-596,Inspection,SEC-PMILR,11/18/2024 17:42,11/11/2024 5:27,5,32,Hydraulic leak,Seal,3,OPS-H5AD4,FALSE,FALSE,
VT-ABC-WO-5506,VT-ABC,AI-9448,Inspection,CC-O8SHA,11/10/2024 21:23,12/3/2024 19:29,5,32,Hydraulic leak,Seal,3,OPS-Y2VH5,FALSE,FALSE,
VT-ABC-WO-3393,VT-ABC,KL-2159,Inspection,GH-6TECY,11/29/2024 13:27,11/7/2024 9:07,5,32,Hydraulic leak,Seal,3,MTC-WC03L,FALSE,FALSE,
VT-ABC-WO-9334,VT-ABC,LH-1948,Inspection,OPS-YNKLD,10/8/2024 7:47,12/19/2024 11:44,5,32,Hydraulic leak,Seal,3,OPS-AHV22,FALSE,FALSE,
VT-ABC-WO-4239,VT-ABC,QR-718,Inspection,OPS-V0IQC,12/26/2024 11:46,11/25/2024 16:03,5,32,Hydraulic leak,Seal,3,CC-6O9LJ,FALSE,FALSE,
VT-ABC-WO-5898,VT-ABC,BA-6962,Inspection,SEC-05ZQR,12/17/2024 8:34,10/13/2024 3:45,5,32,Hydraulic leak,Seal,3,MTC-OKDLM,FALSE,FALSE,
VT-ABC-WO-4720,VT-ABC,SQ-2661,Inspection,OPS-7W8KT,12/12/2024 14:11,12/12/2024 9:10,5,32,Hydraulic leak,Seal,3,MTC-PMIFJ,FALSE,FALSE,
VT-ABC-WO-8127,VT-ABC,6E-3574,Inspection,RET-H3ZBN,10/19/2024 16:50,10/15/2024 14:43,5,32,Hydraulic leak,Seal,3,MTC-2NIMV,FALSE,FALSE,
VT-ABC-WO-4489,VT-ABC,SG-8853,Inspection,OPS-KOD19,10/5/2024 6:04,12/1/2024 8:48,5,32,Hydraulic leak,Seal,3,RET-MNPZB,FALSE,FALSE,
VT-ABC-WO-7845,VT-ABC,UK-8354,Inspection,MTC-UXYRB,12/25/2024 13:42,12/22/2024 17:35,5,32,Hydraulic leak,Seal,3,OPS-K9SIS,FALSE,FALSE,
VT-ABC-WO-1462,VT-ABC,QR-233,Inspection,OPS-X3CW7,11/24/2024 22:14,10/18/2024 4:11,5,32,Hydraulic leak,Seal,3,SEC-7KNM6,FALSE,FALSE,
VT-ABC-WO-1800,VT-ABC,IX-6343,Inspection,RET-PMW5X,11/12/2024 19:43,10/29/2024 22:24,5,32,Hydraulic leak,Seal,3,MTC-KIPA9,FALSE,FALSE,
VT-ABC-WO-2596,VT-ABC,KL-5003,Inspection,RET-2C7I6,10/14/2024 8:49,11/26/2024 5:37,5,32,Hydraulic leak,Seal,3,GH-5YX99,FALSE,FALSE,
VT-ABC-WO-1615,VT-ABC,SG-226,Inspection,MTC-MYF2M,11/3/2024 21:20,12/29/2024 2:24,5,32,Hydraulic leak,Seal,3,SEC-FVERP,FALSE,FALSE,
VT-ABC-WO-4526,VT-ABC,QR-5671,Inspection,GH-6OUJX,12/5/2024 4:28,11/19/2024 5:19,5,32,Hydraulic leak,Seal,3,RET-DG6DD,FALSE,FALSE,
VT-ABC-WO-3778,VT-ABC,6E-5154,Inspection,RET-RNHBG,12/8/2024 22:04,10/15/2024 9:49,5,32,Hydraulic leak,Seal,3,MTC-ZOJV6,FALSE,FALSE,
VT-ABC-WO-5735,VT-ABC,SG-6270,Inspection,OPS-C5W3N,11/20/2024 22:54,11/21/2024 17:45,5,32,Hydraulic leak,Seal,3,GH-1BATP,FALSE,FALSE,
VT-ABC-WO-2531,VT-ABC,EK-610,Inspection,CC-FCW23,12/2/2024 20:55,10/18/2024 16:11,5,32,Hydraulic leak,Seal,3,CC-QX4N3,FALSE,FALSE,
VT-ABC-WO-4409,VT-ABC,SG-9048,Inspection,GH-JV7MP,10/8/2024 9:25,10/9/2024 20:03,5,32,Hydraulic leak,Seal,3,GH-CUXIF,FALSE,FALSE,
VT-ABC-WO-1242,VT-ABC,KL-9081,Inspection,RET-ZBI8W,12/1/2024 22:51,11/7/2024 23:21,5,32,Hydraulic leak,Seal,3,GH-PH3V6,FALSE,FALSE,
VT-ABC-WO-6695,VT-ABC,SG-8133,Inspection,MTC-OTV32,11/26/2024 2:04,12/12/2024 9:30,5,32,Hydraulic leak,Seal,3,CC-OEJ56,FALSE,FALSE,
VT-ABC-WO-1464,VT-ABC,IX-3170,Inspection,RET-831WY,10/22/2024 23:34,10/15/2024 16:19,5,32,Hydraulic leak,Seal,3,CC-IR6ML,FALSE,FALSE,
VT-ABC-WO-6892,VT-ABC,SQ-2021,Inspection,GH-U6L4T,11/11/2024 19:02,11/30/2024 10:59,5,32,Hydraulic leak,Seal,3,RET-MIISF,FALSE,FALSE,
VT-ABC-WO-5902,VT-ABC,QR-1916,Inspection,RET-NJ2GT,12/26/2024 5:48,12/1/2024 0:15,5,32,Hydraulic leak,Seal,3,GH-CNC8K,FALSE,FALSE,
VT-ABC-WO-5346,VT-ABC,6E-3239,Inspection,CC-BWCXR,11/24/2024 1:36,10/21/2024 6:43,5,32,Hydraulic leak,Seal,3,SEC-2YEKS,FALSE,FALSE,
VT-ABC-WO-1639,VT-ABC,AI-9673,Inspection,CC-D3PVK,10/8/2024 5:26,12/30/2024 23:08,5,32,Hydraulic leak,Seal,3,MTC-JYV1P,FALSE,FALSE,
VT-ABC-WO-5283,VT-ABC,6.00E-266,Inspection,GH-NCHL0,11/6/2024 6:24,12/5/2024 21:52,5,32,Hydraulic leak,Seal,3,SEC-12HHM,FALSE,FALSE,
VT-ABC-WO-1104,VT-ABC,SG-6206,Inspection,SEC-95X36,11/5/2024 11:05,11/22/2024 2:50,5,32,Hydraulic leak,Seal,3,OPS-EYQYI,FALSE,FALSE,
VT-ABC-WO-5354,VT-ABC,QR-3312,Inspection,RET-48EDY,12/14/2024 20:02,11/10/2024 9:22,5,32,Hydraulic leak,Seal,3,MTC-OM9VN,FALSE,FALSE,
VT-ABC-WO-3782,VT-ABC,LH-3002,Inspection,SEC-OX22H,12/28/2024 13:11,11/28/2024 3:31,5,32,Hydraulic leak,Seal,3,MTC-YW2OF,FALSE,FALSE,
VT-ABC-WO-3300,VT-ABC,SG-1658,Inspection,GH-I10FP,12/3/2024 18:07,12/18/2024 22:41,5,32,Hydraulic leak,Seal,3,SEC-AFQ90,FALSE,FALSE,
VT-ABC-WO-1569,VT-ABC,SG-415,Inspection,RET-6S3I3,12/1/2024 19:06,12/11/2024 7:26,5,32,Hydraulic leak,Seal,3,OPS-Q5PG8,FALSE,FALSE,
VT-ABC-WO-5055,VT-ABC,UK-466,Inspection,OPS-IWACI,11/26/2024 13:28,10/30/2024 7:24,5,32,Hydraulic leak,Seal,3,OPS-YR7WL,FALSE,FALSE,
VT-ABC-WO-1419,VT-ABC,BA-8354,Inspection,MTC-D5UDL,10/19/2024 23:48,11/15/2024 2:14,5,32,Hydraulic leak,Seal,3,CC-8A8CE,FALSE,FALSE,
VT-ABC-WO-6895,VT-ABC,QR-1436,Inspection,CC-Z9OL7,11/20/2024 7:49,11/28/2024 2:16,5,32,Hydraulic leak,Seal,3,GH-OYAV5,FALSE,FALSE,
VT-ABC-WO-3427,VT-ABC,AF-858,Inspection,OPS-GOL2E,11/11/2024 11:23,11/10/2024 5:21,5,32,Hydraulic leak,Seal,3,MTC-23OCS,FALSE,FALSE,
VT-ABC-WO-8010,VT-ABC,KL-2524,Inspection,CC-AA3MG,10/30/2024 11:02,10/13/2024 10:46,5,32,Hydraulic leak,Seal,3,OPS-74MCW,FALSE,FALSE,
VT-ABC-WO-2504,VT-ABC,SQ-6749,Inspection,GH-L8X1R,11/10/2024 9:33,12/25/2024 19:27,5,32,Hydraulic leak,Seal,3,CC-QJ0I6,FALSE,FALSE,
VT-ABC-WO-9007,VT-ABC,SG-9788,Inspection,RET-9MROW,10/19/2024 11:10,10/16/2024 12:39,5,32,Hydraulic leak,Seal,3,MTC-GPG4Y,FALSE,FALSE,
VT-ABC-WO-2028,VT-ABC,AI-3819,Inspection,MTC-M7WZZ,10/7/2024 12:34,10/15/2024 3:37,5,32,Hydraulic leak,Seal,3,OPS-G7PJJ,FALSE,FALSE,
VT-ABC-WO-9299,VT-ABC,QR-4441,Inspection,OPS-DAFZ9,10/25/2024 18:12,12/3/2024 17:11,5,32,Hydraulic leak,Seal,3,MTC-HUMWR,FALSE,FALSE,
VT-ABC-WO-3282,VT-ABC,SG-415,Inspection,CC-XOFMW,12/9/2024 15:37,10/11/2024 3:46,5,32,Hydraulic leak,Seal,3,CC-0IE6N,FALSE,FALSE,
VT-ABC-WO-8459,VT-ABC,IX-7340,Inspection,GH-KBVYS,10/6/2024 11:20,11/16/2024 1:38,5,32,Hydraulic leak,Seal,3,CC-ZY5C1,FALSE,FALSE,
VT-ABC-WO-7821,VT-ABC,QR-591,Inspection,OPS-1O1IM,12/6/2024 21:03,11/3/2024 12:43,5,32,Hydraulic leak,Seal,3,GH-R8JNZ,FALSE,FALSE,
VT-ABC-WO-1463,VT-ABC,AF-6643,Inspection,MTC-BSZ3H,10/25/2024 11:51,12/18/2024 8:19,5,32,Hydraulic leak,Seal,3,RET-D48JI,FALSE,FALSE,
VT-ABC-WO-6091,VT-ABC,SG-2083,Inspection,OPS-SVZIS,12/29/2024 4:10,10/4/2024 14:06,5,32,Hydraulic leak,Seal,3,RET-38Q5G,FALSE,FALSE,
VT-ABC-WO-4129,VT-ABC,EK-454,Inspection,CC-S5BO4,11/29/2024 23:16,11/14/2024 6:44,5,32,Hydraulic leak,Seal,3,CC-RE8SG,FALSE,FALSE,
VT-ABC-WO-3590,VT-ABC,BA-8552,Inspection,CC-C2VIU,11/17/2024 19:20,10/11/2024 0:22,5,32,Hydraulic leak,Seal,3,RET-EMNVT,FALSE,FALSE,
VT-ABC-WO-5089,VT-ABC,EK-6647,Inspection,SEC-12MJB,11/27/2024 6:00,12/6/2024 11:56,5,32,Hydraulic leak,Seal,3,OPS-UXT5R,FALSE,FALSE,
VT-ABC-WO-3004,VT-ABC,LH-5149,Inspection,RET-VQJ9G,12/29/2024 1:56,11/24/2024 1:07,5,32,Hydraulic leak,Seal,3,GH-R2SC1,FALSE,FALSE,
VT-ABC-WO-7832,VT-ABC,SQ-2851,Inspection,OPS-YZ95K,10/26/2024 5:32,11/13/2024 10:34,5,32,Hydraulic leak,Seal,3,RET-GWQC2,FALSE,FALSE,
VT-ABC-WO-4953,VT-ABC,KL-1992,Inspection,OPS-K1WN4,12/26/2024 0:42,12/5/2024 23:25,5,32,Hydraulic leak,Seal,3,GH-5TPCH,FALSE,FALSE,
VT-ABC-WO-9340,VT-ABC,KL-7694,Inspection,MTC-8YHLY,10/23/2024 15:27,12/20/2024 11:37,5,32,Hydraulic leak,Seal,3,OPS-KC9UW,FALSE,FALSE,
VT-ABC-WO-9260,VT-ABC,QR-4287,Inspection,SEC-W7KGM,11/6/2024 19:30,10/9/2024 18:07,5,32,Hydraulic leak,Seal,3,OPS-H7DC6,FALSE,FALSE,
VT-ABC-WO-7998,VT-ABC,UK-8138,Inspection,RET-AXMMF,12/19/2024 21:36,10/28/2024 20:08,5,32,Hydraulic leak,Seal,3,SEC-GF992,FALSE,FALSE,
VT-ABC-WO-8599,VT-ABC,AF-3599,Inspection,MTC-HH66P,12/26/2024 2:00,11/19/2024 0:31,5,32,Hydraulic leak,Seal,3,SEC-I55C2,FALSE,FALSE,
VT-ABC-WO-3526,VT-ABC,SG-695,Inspection,CC-HMHYA,10/20/2024 6:41,11/28/2024 21:03,5,32,Hydraulic leak,Seal,3,CC-C2WM0,FALSE,FALSE,
VT-ABC-WO-4100,VT-ABC,AF-4097,Inspection,MTC-154X7,10/26/2024 19:50,12/7/2024 0:35,5,32,Hydraulic leak,Seal,3,RET-6Y97A,FALSE,FALSE,
VT-ABC-WO-3575,VT-ABC,AF-5065,Inspection,CC-RWNHJ,11/12/2024 4:03,12/15/2024 20:41,5,32,Hydraulic leak,Seal,3,GH-D3MIJ,FALSE,FALSE,
VT-ABC-WO-9981,VT-ABC,BA-8120,Inspection,OPS-VKOR1,12/14/2024 14:42,10/1/2024 15:36,5,32,Hydraulic leak,Seal,3,GH-HQL91,FALSE,FALSE,
VT-ABC-WO-9314,VT-ABC,QR-9424,Inspection,GH-TXQJ0,10/23/2024 3:11,12/3/2024 12:28,5,32,Hydraulic leak,Seal,3,CC-0AHBS,FALSE,FALSE,
VT-ABC-WO-9082,VT-ABC,SG-4302,Inspection,CC-RB6SJ,12/30/2024 11:23,12/20/2024 0:49,5,32,Hydraulic leak,Seal,3,CC-58DG0,FALSE,FALSE,
VT-ABC-WO-1957,VT-ABC,6E-7501,Inspection,OPS-JQOEH,11/21/2024 1:51,10/24/2024 9:24,5,32,Hydraulic leak,Seal,3,GH-MQ6UT,FALSE,FALSE,
VT-ABC-WO-9234,VT-ABC,AF-7671,Inspection,MTC-J6MIH,11/6/2024 6:27,11/10/2024 8:10,5,32,Hydraulic leak,Seal,3,MTC-148KW,FALSE,FALSE,
VT-ABC-WO-8383,VT-ABC,EK-793,Inspection,MTC-3M0WP,12/2/2024 15:08,12/16/2024 14:25,5,32,Hydraulic leak,Seal,3,SEC-SNZ9R,FALSE,FALSE,
VT-ABC-WO-5271,VT-ABC,SG-1658,Inspection,SEC-OSPBY,11/15/2024 23:35,11/8/2024 15:30,5,32,Hydraulic leak,Seal,3,RET-RQCWS,FALSE,FALSE,
VT-ABC-WO-9630,VT-ABC,LH-7321,Inspection,RET-UY1NK,12/8/2024 12:42,12/20/2024 17:46,5,32,Hydraulic leak,Seal,3,RET-1ZDVL,FALSE,FALSE,
VT-ABC-WO-2182,VT-ABC,AF-9084,Inspection,SEC-F6Z4I,12/15/2024 19:36,12/20/2024 8:00,5,32,Hydraulic leak,Seal,3,GH-N0WQL,FALSE,FALSE,
VT-ABC-WO-4739,VT-ABC,KL-1215,Inspection,GH-EQV7E,12/4/2024 10:54,11/13/2024 9:36,5,32,Hydraulic leak,Seal,3,RET-7BMVX,FALSE,FALSE,
VT-ABC-WO-2657,VT-ABC,LH-4440,Inspection,OPS-MZ69D,11/14/2024 16:33,11/15/2024 4:55,5,32,Hydraulic leak,Seal,3,MTC-M1TBW,FALSE,FALSE,
VT-ABC-WO-4461,VT-ABC,KL-7989,Inspection,SEC-T86H8,10/9/2024 0:34,10/6/2024 11:49,5,32,Hydraulic leak,Seal,3,RET-C7AVE,FALSE,FALSE,
VT-ABC-WO-9005,VT-ABC,LH-3345,Inspection,GH-PEL0H,10/23/2024 19:11,11/6/2024 7:43,5,32,Hydraulic leak,Seal,3,MTC-D3036,FALSE,FALSE,
VT-ABC-WO-8158,VT-ABC,EK-301,Inspection,MTC-H4TTC,11/13/2024 19:27,12/1/2024 14:31,5,32,Hydraulic leak,Seal,3,GH-YDJLQ,FALSE,FALSE,
VT-ABC-WO-9373,VT-ABC,6E-6034,Inspection,CC-D54SS,12/17/2024 10:27,10/2/2024 14:47,5,32,Hydraulic leak,Seal,3,MTC-B20YK,FALSE,FALSE,
VT-ABC-WO-3831,VT-ABC,UK-9664,Inspection,OPS-B55PK,10/11/2024 3:44,12/29/2024 13:19,5,32,Hydraulic leak,Seal,3,OPS-6PNNA,FALSE,FALSE,
VT-ABC-WO-3341,VT-ABC,AF-858,Inspection,RET-O5GDM,11/17/2024 19:16,10/9/2024 17:34,5,32,Hydraulic leak,Seal,3,RET-RJ9ZY,FALSE,FALSE,
VT-ABC-WO-6620,VT-ABC,SG-3215,Inspection,SEC-0J9EQ,10/25/2024 11:44,11/8/2024 13:57,5,32,Hydraulic leak,Seal,3,OPS-412YJ,FALSE,FALSE,
VT-ABC-WO-1339,VT-ABC,UK-2273,Inspection,RET-5MPLP,11/27/2024 17:05,12/6/2024 18:04,5,32,Hydraulic leak,Seal,3,SEC-T43DX,FALSE,FALSE,
VT-ABC-WO-3718,VT-ABC,IX-9702,Inspection,MTC-9EUEF,11/13/2024 5:27,12/23/2024 8:32,5,32,Hydraulic leak,Seal,3,GH-F6EHT,FALSE,FALSE,
VT-ABC-WO-6019,VT-ABC,BA-4434,Inspection,RET-W4NLL,10/14/2024 13:53,12/16/2024 21:19,5,32,Hydraulic leak,Seal,3,SEC-ZNCFH,FALSE,FALSE,
VT-ABC-WO-2601,VT-ABC,SG-1523,Inspection,RET-MZZ1Q,11/1/2024 11:29,10/2/2024 6:03,5,32,Hydraulic leak,Seal,3,SEC-UG4EI,FALSE,FALSE,
VT-ABC-WO-4983,VT-ABC,EK-7555,Inspection,OPS-Z4E3A,12/13/2024 16:57,10/7/2024 7:33,5,32,Hydraulic leak,Seal,3,CC-GN7AI,FALSE,FALSE,
VT-ABC-WO-5820,VT-ABC,IX-8442,Inspection,CC-VLPKX,12/8/2024 23:35,10/7/2024 6:05,5,32,Hydraulic leak,Seal,3,CC-8Q6C5,FALSE,FALSE,
VT-ABC-WO-9598,VT-ABC,KL-9646,Inspection,GH-Z1RPI,10/6/2024 3:18,11/3/2024 16:41,5,32,Hydraulic leak,Seal,3,GH-O3EXJ,FALSE,FALSE,
VT-ABC-WO-7417,VT-ABC,AF-8238,Inspection,RET-06KYV,12/30/2024 2:08,11/12/2024 7:17,5,32,Hydraulic leak,Seal,3,RET-CJ95X,FALSE,FALSE,
VT-ABC-WO-6706,VT-ABC,AF-3234,Inspection,GH-J73YQ,10/8/2024 15:25,10/20/2024 3:32,5,32,Hydraulic leak,Seal,3,OPS-H65U7,FALSE,FALSE,
VT-ABC-WO-3745,VT-ABC,KL-3218,Inspection,CC-9DA14,10/24/2024 2:47,10/30/2024 23:53,5,32,Hydraulic leak,Seal,3,RET-G11T1,FALSE,FALSE,
VT-ABC-WO-9284,VT-ABC,SQ-9420,Inspection,MTC-X6KRH,11/4/2024 19:29,10/9/2024 11:53,5,32,Hydraulic leak,Seal,3,CC-ZDCXV,FALSE,FALSE,
VT-ABC-WO-6811,VT-ABC,AI-6498,Inspection,GH-67JF3,10/18/2024 15:22,12/26/2024 2:21,5,32,Hydraulic leak,Seal,3,GH-8DX0U,FALSE,FALSE,
VT-ABC-WO-9113,VT-ABC,LH-6372,Inspection,SEC-JQU00,10/6/2024 13:42,12/26/2024 18:41,5,32,Hydraulic leak,Seal,3,GH-XMC8X,FALSE,FALSE,
VT-ABC-WO-1194,VT-ABC,KL-4683,Inspection,OPS-VVMX7,10/30/2024 18:18,10/28/2024 6:43,5,32,Hydraulic leak,Seal,3,SEC-5J55I,FALSE,FALSE,
VT-ABC-WO-2642,VT-ABC,LH-9979,Inspection,OPS-HNCVT,12/2/2024 9:42,11/9/2024 22:36,5,32,Hydraulic leak,Seal,3,OPS-VQPKT,FALSE,FALSE,
VT-ABC-WO-9938,VT-ABC,IX-6265,Inspection,CC-JC77N,12/19/2024 17:42,11/25/2024 12:23,5,32,Hydraulic leak,Seal,3,SEC-SQXUJ,FALSE,FALSE,
VT-ABC-WO-6219,VT-ABC,SG-5210,Inspection,RET-GKZED,10/14/2024 6:17,10/9/2024 20:35,5,32,Hydraulic leak,Seal,3,SEC-9Z5Z5,FALSE,FALSE,
VT-ABC-WO-6283,VT-ABC,KL-7419,Inspection,MTC-QDME7,11/6/2024 5:03,10/21/2024 17:30,5,32,Hydraulic leak,Seal,3,CC-BSO8H,FALSE,FALSE,
VT-ABC-WO-2371,VT-ABC,EK-3236,Inspection,OPS-8MKB2,10/9/2024 14:21,12/14/2024 22:48,5,32,Hydraulic leak,Seal,3,RET-L20LW,FALSE,FALSE,
VT-ABC-WO-9684,VT-ABC,IX-2230,Inspection,SEC-HRRYD,12/2/2024 21:01,10/7/2024 13:03,5,32,Hydraulic leak,Seal,3,RET-A1I1U,FALSE,FALSE,
VT-ABC-WO-6881,VT-ABC,LH-4313,Inspection,OPS-T2IQ0,11/14/2024 18:55,11/17/2024 1:39,5,32,Hydraulic leak,Seal,3,GH-I3ZYB,FALSE,FALSE,
VT-ABC-WO-7439,VT-ABC,LH-1878,Inspection,CC-4SV99,12/28/2024 3:39,11/11/2024 10:20,5,32,Hydraulic leak,Seal,3,GH-5DEJ4,FALSE,FALSE,
VT-ABC-WO-8901,VT-ABC,SG-5710,Inspection,GH-MADFD,10/8/2024 0:44,12/24/2024 22:05,5,32,Hydraulic leak,Seal,3,RET-DR0KJ,FALSE,FALSE,
VT-ABC-WO-6856,VT-ABC,6E-6560,Inspection,RET-R86NQ,12/24/2024 16:23,10/21/2024 17:00,5,32,Hydraulic leak,Seal,3,OPS-SS2XV,FALSE,FALSE,
VT-ABC-WO-4262,VT-ABC,LH-2807,Inspection,GH-J6O5T,10/18/2024 7:12,12/12/2024 23:14,5,32,Hydraulic leak,Seal,3,GH-S7BIX,FALSE,FALSE,
VT-ABC-WO-9042,VT-ABC,KL-2524,Inspection,OPS-8UDN9,12/21/2024 19:10,11/3/2024 1:34,5,32,Hydraulic leak,Seal,3,MTC-NSATK,FALSE,FALSE,
VT-ABC-WO-3209,VT-ABC,QR-7106,Inspection,GH-QCEFD,11/3/2024 14:05,12/21/2024 19:21,5,32,Hydraulic leak,Seal,3,MTC-EGL3P,FALSE,FALSE,
VT-ABC-WO-8453,VT-ABC,SG-5210,Inspection,RET-8557P,11/6/2024 16:20,12/24/2024 21:09,5,32,Hydraulic leak,Seal,3,CC-HCGB6,FALSE,FALSE,
VT-ABC-WO-5622,VT-ABC,EK-1305,Inspection,GH-SHQ89,12/5/2024 12:36,12/27/2024 6:40,5,32,Hydraulic leak,Seal,3,OPS-N4Y8S,FALSE,FALSE,
VT-ABC-WO-2239,VT-ABC,LH-2373,Inspection,CC-7L7O4,11/27/2024 4:35,12/12/2024 17:49,5,32,Hydraulic leak,Seal,3,CC-W1VTT,FALSE,FALSE,
VT-ABC-WO-2627,VT-ABC,LH-2541,Inspection,OPS-QKOZQ,11/6/2024 8:22,10/21/2024 10:40,5,32,Hydraulic leak,Seal,3,MTC-BJKQT,FALSE,FALSE,
VT-ABC-WO-9657,VT-ABC,KL-8076,Inspection,CC-DMJLB,11/6/2024 3:33,12/29/2024 11:54,5,32,Hydraulic leak,Seal,3,OPS-WI1V3,FALSE,FALSE,
VT-ABC-WO-4211,VT-ABC,SQ-4613,Inspection,CC-PGG3L,11/22/2024 18:32,12/30/2024 8:52,5,32,Hydraulic leak,Seal,3,GH-555ZW,FALSE,FALSE,
VT-ABC-WO-5639,VT-ABC,IX-6230,Inspection,CC-NRGOX,10/9/2024 6:31,10/5/2024 0:01,5,32,Hydraulic leak,Seal,3,CC-HOY3C,FALSE,FALSE,
VT-ABC-WO-2071,VT-ABC,QR-4405,Inspection,GH-Q3R5D,12/4/2024 15:49,11/6/2024 6:33,5,32,Hydraulic leak,Seal,3,GH-P0TLI,FALSE,FALSE,
VT-ABC-WO-6267,VT-ABC,AF-8737,Inspection,CC-MIAVG,12/16/2024 14:35,12/19/2024 3:38,5,32,Hydraulic leak,Seal,3,SEC-77FGP,FALSE,FALSE,
VT-ABC-WO-4007,VT-ABC,SQ-8606,Inspection,RET-A5H3P,11/26/2024 19:11,11/10/2024 15:47,5,32,Hydraulic leak,Seal,3,MTC-QU35E,FALSE,FALSE,
VT-ABC-WO-7902,VT-ABC,AF-5291,Inspection,GH-1AX9N,10/17/2024 6:47,11/26/2024 22:47,5,32,Hydraulic leak,Seal,3,CC-S64YK,FALSE,FALSE,
VT-ABC-WO-1755,VT-ABC,EK-5817,Inspection,MTC-FBRR3,11/23/2024 7:25,12/17/2024 19:40,5,32,Hydraulic leak,Seal,3,MTC-TR2YG,FALSE,FALSE,
VT-ABC-WO-7699,VT-ABC,AF-3234,Inspection,OPS-ZFPPX,12/3/2024 15:41,10/27/2024 12:47,5,32,Hydraulic leak,Seal,3,SEC-KXFC6,FALSE,FALSE,
VT-ABC-WO-6767,VT-ABC,SQ-7751,Inspection,GH-Y5QLE,10/16/2024 4:51,12/12/2024 0:16,5,32,Hydraulic leak,Seal,3,SEC-ULRI4,FALSE,FALSE,
VT-ABC-WO-4407,VT-ABC,SG-4587,Inspection,RET-V76OM,12/17/2024 10:01,12/15/2024 7:23,5,32,Hydraulic leak,Seal,3,GH-MFJQL,FALSE,FALSE,
VT-ABC-WO-1735,VT-ABC,QR-5718,Inspection,RET-4KQCK,10/11/2024 1:29,12/20/2024 13:39,5,32,Hydraulic leak,Seal,3,GH-1G6P7,FALSE,FALSE,
VT-ABC-WO-9168,VT-ABC,EK-8968,Inspection,GH-S8PWA,11/19/2024 9:52,11/30/2024 10:55,5,32,Hydraulic leak,Seal,3,SEC-HYBM1,FALSE,FALSE,
VT-ABC-WO-7064,VT-ABC,6E-5154,Inspection,CC-AA9O8,10/29/2024 22:53,11/14/2024 11:07,5,32,Hydraulic leak,Seal,3,OPS-VH6SB,FALSE,FALSE,
VT-ABC-WO-3092,VT-ABC,UK-6801,Inspection,SEC-IJJHQ,11/9/2024 13:12,12/14/2024 23:36,5,32,Hydraulic leak,Seal,3,GH-9MUO3,FALSE,FALSE,
VT-ABC-WO-4964,VT-ABC,6.00E-304,Inspection,OPS-H66LE,11/25/2024 4:27,11/22/2024 23:59,5,32,Hydraulic leak,Seal,3,MTC-XZD7P,FALSE,FALSE,
VT-ABC-WO-8209,VT-ABC,KL-7450,Inspection,MTC-ORYAI,10/18/2024 9:33,11/7/2024 22:25,5,32,Hydraulic leak,Seal,3,GH-B25Q9,FALSE,FALSE,
VT-ABC-WO-3044,VT-ABC,6E-7869,Inspection,MTC-28FIC,11/10/2024 15:34,11/22/2024 12:51,5,32,Hydraulic leak,Seal,3,MTC-OD115,FALSE,FALSE,
VT-ABC-WO-4869,VT-ABC,BA-8174,Inspection,OPS-N1YN4,10/21/2024 23:19,12/9/2024 22:33,5,32,Hydraulic leak,Seal,3,OPS-3YTHW,FALSE,FALSE,
VT-ABC-WO-6505,VT-ABC,IX-9702,Inspection,RET-BKV5B,12/11/2024 8:41,10/1/2024 20:21,5,32,Hydraulic leak,Seal,3,SEC-UITC7,FALSE,FALSE,
VT-ABC-WO-6577,VT-ABC,IX-7384,Inspection,CC-DFMN5,12/21/2024 0:14,11/15/2024 9:38,5,32,Hydraulic leak,Seal,3,OPS-7CSXG,FALSE,FALSE,
VT-ABC-WO-6958,VT-ABC,6E-1311,Inspection,CC-0BE9T,11/6/2024 10:38,10/26/2024 23:10,5,32,Hydraulic leak,Seal,3,OPS-I943S,FALSE,FALSE,
VT-ABC-WO-9286,VT-ABC,AF-5938,Inspection,RET-BUWEO,10/31/2024 10:58,12/11/2024 5:32,5,32,Hydraulic leak,Seal,3,CC-S4CNO,FALSE,FALSE,
VT-ABC-WO-2872,VT-ABC,KL-237,Inspection,OPS-GR6JO,12/27/2024 15:25,11/22/2024 22:50,5,32,Hydraulic leak,Seal,3,MTC-5W9FK,FALSE,FALSE,
VT-ABC-WO-7968,VT-ABC,UK-4661,Inspection,SEC-NXZ2C,10/16/2024 8:33,10/22/2024 17:51,5,32,Hydraulic leak,Seal,3,MTC-MY9JY,FALSE,FALSE,
VT-ABC-WO-7726,VT-ABC,6E-527,Inspection,SEC-6512R,10/5/2024 15:41,12/12/2024 8:39,5,32,Hydraulic leak,Seal,3,RET-QVZNL,FALSE,FALSE,
VT-ABC-WO-7095,VT-ABC,SQ-7362,Inspection,MTC-39UPD,10/25/2024 18:55,10/18/2024 10:11,5,32,Hydraulic leak,Seal,3,SEC-ZIXZV,FALSE,FALSE,
VT-ABC-WO-1422,VT-ABC,SG-4979,Inspection,GH-YDMHE,12/2/2024 18:17,12/7/2024 7:36,5,32,Hydraulic leak,Seal,3,GH-E7B5R,FALSE,FALSE,
VT-ABC-WO-8357,VT-ABC,QR-3278,Inspection,SEC-99H8T,12/6/2024 19:35,10/13/2024 18:17,5,32,Hydraulic leak,Seal,3,OPS-BI7JG,FALSE,FALSE,
VT-ABC-WO-3470,VT-ABC,KL-5181,Inspection,OPS-8GM5B,10/13/2024 23:41,11/18/2024 5:53,5,32,Hydraulic leak,Seal,3,SEC-ETWQ2,FALSE,FALSE,
VT-ABC-WO-9943,VT-ABC,SQ-7054,Inspection,SEC-47DBC,12/29/2024 18:32,12/28/2024 17:07,5,32,Hydraulic leak,Seal,3,CC-AQ0QE,FALSE,FALSE,
VT-ABC-WO-5062,VT-ABC,QR-5718,Inspection,SEC-WJTVT,11/5/2024 20:58,11/26/2024 21:28,5,32,Hydraulic leak,Seal,3,CC-D7EU1,FALSE,FALSE,
VT-ABC-WO-4401,VT-ABC,EK-457,Inspection,SEC-TPWE1,11/8/2024 8:47,11/8/2024 14:32,5,32,Hydraulic leak,Seal,3,GH-PW1XR,FALSE,FALSE,
VT-ABC-WO-2318,VT-ABC,UK-6943,Inspection,CC-L0TKJ,11/30/2024 10:42,12/24/2024 18:32,5,32,Hydraulic leak,Seal,3,SEC-03NQQ,FALSE,FALSE,
VT-ABC-WO-9788,VT-ABC,SQ-6017,Inspection,CC-RCONG,11/2/2024 14:43,11/27/2024 13:53,5,32,Hydraulic leak,Seal,3,MTC-B6NQJ,FALSE,FALSE,
VT-ABC-WO-2883,VT-ABC,EK-6895,Inspection,SEC-ZZP0V,12/16/2024 20:38,12/6/2024 11:48,5,32,Hydraulic leak,Seal,3,MTC-HU1EM,FALSE,FALSE,
VT-ABC-WO-2884,VT-ABC,SQ-6125,Inspection,SEC-SMTE1,10/11/2024 5:34,10/6/2024 19:54,5,32,Hydraulic leak,Seal,3,RET-I1TRD,FALSE,FALSE,
VT-ABC-WO-2852,VT-ABC,KL-397,Inspection,MTC-VKK0I,10/8/2024 23:52,12/20/2024 15:41,5,32,Hydraulic leak,Seal,3,CC-DMMS3,FALSE,FALSE,
VT-ABC-WO-4726,VT-ABC,LH-8057,Inspection,MTC-ZR5QG,12/9/2024 19:50,12/23/2024 16:58,5,32,Hydraulic leak,Seal,3,CC-8J3KI,FALSE,FALSE,
VT-ABC-WO-1469,VT-ABC,QR-4555,Inspection,RET-YP9PM,10/18/2024 4:46,12/14/2024 3:58,5,32,Hydraulic leak,Seal,3,CC-CGSTK,FALSE,FALSE,
VT-ABC-WO-4696,VT-ABC,UK-4323,Inspection,RET-SAJUN,12/6/2024 22:46,10/11/2024 10:08,5,32,Hydraulic leak,Seal,3,CC-R1BS0,FALSE,FALSE,
VT-ABC-WO-6909,VT-ABC,LH-6040,Inspection,GH-5X0WO,11/10/2024 10:45,11/2/2024 20:47,5,32,Hydraulic leak,Seal,3,CC-80TCY,FALSE,FALSE,
VT-ABC-WO-3612,VT-ABC,6E-3574,Inspection,MTC-142Q7,11/12/2024 12:25,12/16/2024 11:16,5,32,Hydraulic leak,Seal,3,OPS-6OTV0,FALSE,FALSE,
VT-ABC-WO-8647,VT-ABC,AI-6928,Inspection,GH-QJUJR,12/29/2024 5:45,11/21/2024 19:31,5,32,Hydraulic leak,Seal,3,MTC-2G6LW,FALSE,FALSE,
VT-ABC-WO-6494,VT-ABC,UK-4661,Inspection,SEC-RLQNC,11/22/2024 7:49,12/6/2024 22:46,5,32,Hydraulic leak,Seal,3,GH-GDA8D,FALSE,FALSE,
VT-ABC-WO-7059,VT-ABC,SG-9511,Inspection,MTC-KNCQ9,10/14/2024 9:17,11/9/2024 13:38,5,32,Hydraulic leak,Seal,3,CC-0GAX6,FALSE,FALSE,
VT-ABC-WO-5753,VT-ABC,AI-9965,Inspection,OPS-8OFVU,12/7/2024 6:29,12/24/2024 20:21,5,32,Hydraulic leak,Seal,3,CC-FJZ8L,FALSE,FALSE,
VT-ABC-WO-5746,VT-ABC,IX-6343,Inspection,OPS-8TFGG,10/3/2024 14:10,10/15/2024 11:53,5,32,Hydraulic leak,Seal,3,CC-5XI0N,FALSE,FALSE,
VT-ABC-WO-6189,VT-ABC,UK-3968,Inspection,GH-Z57KT,12/8/2024 4:46,11/1/2024 23:40,5,32,Hydraulic leak,Seal,3,SEC-9981X,FALSE,FALSE,
VT-ABC-WO-6271,VT-ABC,SG-1280,Inspection,GH-GK9XU,11/23/2024 21:47,11/7/2024 14:37,5,32,Hydraulic leak,Seal,3,OPS-XELQG,FALSE,FALSE,
VT-ABC-WO-3714,VT-ABC,SQ-6988,Inspection,MTC-2W3VR,11/30/2024 4:50,10/23/2024 10:22,5,32,Hydraulic leak,Seal,3,CC-IJG5T,FALSE,FALSE,
VT-ABC-WO-4789,VT-ABC,IX-6850,Inspection,SEC-QKLQQ,12/17/2024 22:14,12/22/2024 8:17,5,32,Hydraulic leak,Seal,3,RET-E8LEX,FALSE,FALSE,
VT-ABC-WO-5603,VT-ABC,AI-7440,Inspection,RET-N9ZFJ,12/6/2024 21:51,11/25/2024 14:56,5,32,Hydraulic leak,Seal,3,CC-PALJ0,FALSE,FALSE,
VT-ABC-WO-4790,VT-ABC,SG-8869,Inspection,GH-0L58A,10/27/2024 11:13,11/24/2024 8:14,5,32,Hydraulic leak,Seal,3,SEC-F55DI,FALSE,FALSE,
VT-ABC-WO-1069,VT-ABC,SG-8035,Inspection,CC-0TSHV,11/20/2024 15:45,11/19/2024 3:30,5,32,Hydraulic leak,Seal,3,OPS-WP0OI,FALSE,FALSE,
VT-ABC-WO-8218,VT-ABC,EK-7555,Inspection,RET-V9OUI,11/3/2024 6:42,11/1/2024 2:43,5,32,Hydraulic leak,Seal,3,RET-K9232,FALSE,FALSE,
VT-ABC-WO-1240,VT-ABC,BA-8552,Inspection,RET-SCKT4,10/31/2024 0:24,12/27/2024 1:59,5,32,Hydraulic leak,Seal,3,OPS-PQ8TP,FALSE,FALSE,
VT-ABC-WO-8519,VT-ABC,6E-7853,Inspection,GH-T2YSN,10/3/2024 18:02,11/1/2024 14:19,5,32,Hydraulic leak,Seal,3,GH-1GTON,FALSE,FALSE,
VT-ABC-WO-7924,VT-ABC,QR-4639,Inspection,MTC-7CTBH,11/23/2024 12:48,11/22/2024 0:41,5,32,Hydraulic leak,Seal,3,OPS-3PQ4X,FALSE,FALSE,
VT-ABC-WO-8885,VT-ABC,AF-1891,Inspection,OPS-OEB64,10/12/2024 1:19,10/28/2024 18:50,5,32,Hydraulic leak,Seal,3,SEC-KU9TQ,FALSE,FALSE,
VT-ABC-WO-5284,VT-ABC,IX-5707,Inspection,CC-HGCL4,10/6/2024 1:50,12/15/2024 11:55,5,32,Hydraulic leak,Seal,3,SEC-Z4MDH,FALSE,FALSE,
VT-ABC-WO-8100,VT-ABC,LH-2092,Inspection,CC-8YU3A,10/30/2024 14:23,10/7/2024 21:06,5,32,Hydraulic leak,Seal,3,OPS-UB176,FALSE,FALSE,
VT-ABC-WO-9600,VT-ABC,LH-7393,Inspection,CC-3S0GX,12/11/2024 13:26,11/24/2024 3:10,5,32,Hydraulic leak,Seal,3,OPS-2JVT4,FALSE,FALSE,
VT-ABC-WO-3026,VT-ABC,BA-9644,Inspection,OPS-IE1OY,11/28/2024 6:37,10/9/2024 8:09,5,32,Hydraulic leak,Seal,3,GH-91KCF,FALSE,FALSE,
VT-ABC-WO-8217,VT-ABC,SQ-3815,Inspection,GH-QL7NH,11/8/2024 2:44,10/1/2024 20:37,5,32,Hydraulic leak,Seal,3,SEC-02RTN,FALSE,FALSE,
VT-ABC-WO-7969,VT-ABC,AF-9827,Inspection,RET-DFZ3M,11/21/2024 23:44,10/11/2024 9:37,5,32,Hydraulic leak,Seal,3,OPS-0XGDF,FALSE,FALSE,
VT-ABC-WO-5967,VT-ABC,SQ-9437,Inspection,MTC-W1ZAS,11/20/2024 2:19,12/10/2024 3:31,5,32,Hydraulic leak,Seal,3,OPS-RHGUR,FALSE,FALSE,
VT-ABC-WO-7334,VT-ABC,6E-6509,Inspection,CC-DE2UY,10/21/2024 19:13,11/7/2024 11:44,5,32,Hydraulic leak,Seal,3,SEC-5RJQ1,FALSE,FALSE,
VT-ABC-WO-3400,VT-ABC,AF-9030,Inspection,MTC-LSS03,12/1/2024 21:36,12/20/2024 10:47,5,32,Hydraulic leak,Seal,3,OPS-V122M,FALSE,FALSE,
VT-ABC-WO-1014,VT-ABC,SQ-6487,Inspection,CC-2ZE7N,11/19/2024 20:04,10/22/2024 10:49,5,32,Hydraulic leak,Seal,3,GH-7F8GG,FALSE,FALSE,
VT-ABC-WO-9720,VT-ABC,EK-3938,Inspection,RET-WIE3R,11/6/2024 12:52,11/4/2024 12:29,5,32,Hydraulic leak,Seal,3,CC-E7N1M,FALSE,FALSE,
VT-ABC-WO-9754,VT-ABC,QR-591,Inspection,RET-X8KIJ,10/13/2024 22:56,10/29/2024 23:14,5,32,Hydraulic leak,Seal,3,OPS-LEQ0B,FALSE,FALSE,
VT-ABC-WO-9914,VT-ABC,AI-3214,Inspection,MTC-370PC,10/31/2024 2:02,12/1/2024 8:09,5,32,Hydraulic leak,Seal,3,MTC-HWKR9,FALSE,FALSE,
VT-ABC-WO-3281,VT-ABC,IX-8965,Inspection,MTC-MNWC0,12/29/2024 16:12,10/21/2024 10:36,5,32,Hydraulic leak,Seal,3,OPS-672YZ,FALSE,FALSE,
VT-ABC-WO-5408,VT-ABC,BA-8174,Inspection,SEC-M0SEV,11/20/2024 0:13,12/11/2024 22:59,5,32,Hydraulic leak,Seal,3,MTC-YEIU8,FALSE,FALSE,
VT-ABC-WO-4853,VT-ABC,KL-7299,Inspection,MTC-UIUA4,11/19/2024 16:46,11/11/2024 18:00,5,32,Hydraulic leak,Seal,3,CC-F1D58,FALSE,FALSE,
VT-ABC-WO-4545,VT-ABC,IX-5970,Inspection,OPS-I82K4,12/27/2024 1:35,11/17/2024 5:01,5,32,Hydraulic leak,Seal,3,SEC-ZP03Z,FALSE,FALSE,
VT-ABC-WO-4250,VT-ABC,QR-8616,Inspection,MTC-6YU5P,12/1/2024 10:45,11/24/2024 4:04,5,32,Hydraulic leak,Seal,3,SEC-OY6CH,FALSE,FALSE,
VT-ABC-WO-8676,VT-ABC,SG-9839,Inspection,GH-0ZHRZ,12/21/2024 19:50,12/4/2024 4:55,5,32,Hydraulic leak,Seal,3,OPS-95RCE,FALSE,FALSE,
VT-ABC-WO-5107,VT-ABC,AI-362,Inspection,MTC-M7ICS,12/3/2024 18:28,12/9/2024 18:09,5,32,Hydraulic leak,Seal,3,GH-WY71O,FALSE,FALSE,
VT-ABC-WO-6432,VT-ABC,BA-5698,Inspection,CC-F60KF,10/4/2024 22:17,12/11/2024 21:17,5,32,Hydraulic leak,Seal,3,OPS-69STW,FALSE,FALSE,
VT-ABC-WO-5740,VT-ABC,6E-1774,Inspection,GH-DY8XV,11/10/2024 14:02,11/8/2024 8:04,5,32,Hydraulic leak,Seal,3,OPS-53XBC,FALSE,FALSE,
VT-ABC-WO-7282,VT-ABC,SQ-1316,Inspection,SEC-05X52,10/8/2024 0:29,10/3/2024 10:26,5,32,Hydraulic leak,Seal,3,OPS-CTKN0,FALSE,FALSE,
VT-ABC-WO-2656,VT-ABC,QR-3715,Inspection,MTC-L1GRB,11/1/2024 14:55,11/23/2024 7:18,5,32,Hydraulic leak,Seal,3,GH-69RM2,FALSE,FALSE,
VT-ABC-WO-3456,VT-ABC,QR-1436,Inspection,GH-XPQI3,11/28/2024 5:38,12/10/2024 8:17,5,32,Hydraulic leak,Seal,3,GH-RW2UU,FALSE,FALSE,
VT-ABC-WO-8184,VT-ABC,LH-1113,Inspection,MTC-37BW6,12/18/2024 9:49,12/29/2024 6:34,5,32,Hydraulic leak,Seal,3,SEC-TVHDO,FALSE,FALSE,
VT-ABC-WO-2648,VT-ABC,QR-9087,Inspection,CC-LUVKD,12/22/2024 5:59,10/13/2024 0:31,5,32,Hydraulic leak,Seal,3,RET-6J7RB,FALSE,FALSE,
VT-ABC-WO-6413,VT-ABC,QR-7490,Inspection,GH-E7J3N,10/31/2024 14:54,11/30/2024 17:08,5,32,Hydraulic leak,Seal,3,CC-9ZJU8,FALSE,FALSE,
VT-ABC-WO-9954,VT-ABC,EK-1841,Inspection,CC-NTOCU,12/9/2024 6:08,10/2/2024 16:06,5,32,Hydraulic leak,Seal,3,CC-KF9X3,FALSE,FALSE,
VT-ABC-WO-4477,VT-ABC,AF-3234,Inspection,OPS-K26FF,11/16/2024 7:28,10/30/2024 6:09,5,32,Hydraulic leak,Seal,3,SEC-UO85K,FALSE,FALSE,
VT-ABC-WO-8813,VT-ABC,6E-7010,Inspection,SEC-8PYRV,12/16/2024 16:51,10/30/2024 9:45,5,32,Hydraulic leak,Seal,3,CC-49URL,FALSE,FALSE,
VT-ABC-WO-1813,VT-ABC,KL-4882,Inspection,CC-8XLQS,10/13/2024 11:10,12/18/2024 21:49,5,32,Hydraulic leak,Seal,3,MTC-BDCPM,FALSE,FALSE,
VT-ABC-WO-7845,VT-ABC,6E-2417,Inspection,CC-REBAN,11/24/2024 15:05,11/28/2024 6:20,5,32,Hydraulic leak,Seal,3,OPS-0XAZX,FALSE,FALSE,
VT-ABC-WO-7926,VT-ABC,KL-6711,Inspection,RET-VLP5Z,10/24/2024 10:47,12/3/2024 21:17,5,32,Hydraulic leak,Seal,3,GH-1RE4R,FALSE,FALSE,
VT-ABC-WO-8111,VT-ABC,IX-8965,Inspection,GH-H3FR8,10/2/2024 11:21,10/13/2024 6:09,5,32,Hydraulic leak,Seal,3,MTC-UL2NK,FALSE,FALSE,
VT-ABC-WO-8293,VT-ABC,SG-3014,Inspection,CC-GTOUP,10/7/2024 2:09,12/23/2024 13:09,5,32,Hydraulic leak,Seal,3,MTC-ZFAMH,FALSE,FALSE,
VT-ABC-WO-8514,VT-ABC,EK-6895,Inspection,CC-NY0FR,10/5/2024 2:00,11/24/2024 2:40,5,32,Hydraulic leak,Seal,3,MTC-AC6IV,FALSE,FALSE,
VT-ABC-WO-6489,VT-ABC,UK-2470,Inspection,GH-VDHMJ,10/30/2024 14:53,10/31/2024 7:18,5,32,Hydraulic leak,Seal,3,CC-5G0UF,FALSE,FALSE,
VT-ABC-WO-1275,VT-ABC,SQ-9477,Inspection,GH-95M5P,10/24/2024 23:57,11/20/2024 16:21,5,32,Hydraulic leak,Seal,3,OPS-HXC12,FALSE,FALSE,
VT-ABC-WO-3233,VT-ABC,6E-6601,Inspection,OPS-WCKC7,10/26/2024 23:57,10/27/2024 0:00,5,32,Hydraulic leak,Seal,3,OPS-1MXFC,FALSE,FALSE,
VT-ABC-WO-1421,VT-ABC,UK-3750,Inspection,MTC-AWW5C,11/17/2024 5:26,10/1/2024 20:07,5,32,Hydraulic leak,Seal,3,CC-VKVDQ,FALSE,FALSE,
VT-ABC-WO-3564,VT-ABC,AF-3234,Inspection,SEC-I69U1,10/20/2024 5:45,11/19/2024 5:03,5,32,Hydraulic leak,Seal,3,SEC-WYOUE,FALSE,FALSE,
VT-ABC-WO-1371,VT-ABC,IX-6343,Inspection,SEC-RF2HL,11/6/2024 23:59,12/10/2024 4:54,5,32,Hydraulic leak,Seal,3,GH-VVWAY,FALSE,FALSE,
VT-ABC-WO-9643,VT-ABC,SQ-1712,Inspection,CC-K1NLY,11/17/2024 13:26,12/24/2024 17:00,5,32,Hydraulic leak,Seal,3,OPS-HYGBV,FALSE,FALSE,
VT-ABC-WO-2427,VT-ABC,6E-4196,Inspection,CC-G1ETE,10/16/2024 11:31,12/2/2024 14:53,5,32,Hydraulic leak,Seal,3,MTC-Z9778,FALSE,FALSE,
VT-ABC-WO-2287,VT-ABC,IX-8464,Inspection,OPS-LRY3Z,12/27/2024 23:36,11/2/2024 22:21,5,32,Hydraulic leak,Seal,3,OPS-5TRD7,FALSE,FALSE,
VT-ABC-WO-6163,VT-ABC,AF-7180,Inspection,SEC-EPTO2,12/8/2024 1:10,11/1/2024 8:51,5,32,Hydraulic leak,Seal,3,CC-S57O8,FALSE,FALSE,
VT-ABC-WO-4502,VT-ABC,6E-3212,Inspection,SEC-M6AIQ,10/9/2024 13:03,11/24/2024 19:46,5,32,Hydraulic leak,Seal,3,CC-G8CRQ,FALSE,FALSE,
VT-ABC-WO-9560,VT-ABC,6E-1827,Inspection,OPS-O989D,10/9/2024 5:45,12/25/2024 2:55,5,32,Hydraulic leak,Seal,3,OPS-ZOKN0,FALSE,FALSE,
VT-ABC-WO-2633,VT-ABC,UK-5452,Inspection,OPS-0MXQ8,12/26/2024 1:57,12/4/2024 8:41,5,32,Hydraulic leak,Seal,3,OPS-O8H74,FALSE,FALSE,
VT-ABC-WO-5655,VT-ABC,6E-3158,Inspection,RET-IUQQK,11/6/2024 14:22,12/8/2024 3:00,5,32,Hydraulic leak,Seal,3,RET-U6G6J,FALSE,FALSE,
VT-ABC-WO-6808,VT-ABC,6E-9352,Inspection,GH-IWCLK,10/20/2024 11:01,10/11/2024 11:55,5,32,Hydraulic leak,Seal,3,RET-MRLJ8,FALSE,FALSE,
VT-ABC-WO-7041,VT-ABC,AF-4600,Inspection,GH-4G5W2,12/14/2024 9:53,12/20/2024 15:33,5,32,Hydraulic leak,Seal,3,MTC-LXNH1,FALSE,FALSE,
VT-ABC-WO-1921,VT-ABC,AI-9760,Inspection,CC-KFURT,11/28/2024 11:29,11/4/2024 20:00,5,32,Hydraulic leak,Seal,3,GH-FS2Y4,FALSE,FALSE,
VT-ABC-WO-4100,VT-ABC,BA-5247,Inspection,RET-CKVM6,10/10/2024 16:35,12/18/2024 0:56,5,32,Hydraulic leak,Seal,3,RET-ADWH6,FALSE,FALSE,
VT-ABC-WO-9890,VT-ABC,LH-5691,Inspection,SEC-1OSG2,10/14/2024 17:22,10/5/2024 0:06,5,32,Hydraulic leak,Seal,3,MTC-5VDGX,FALSE,FALSE,
VT-ABC-WO-5609,VT-ABC,SQ-935,Inspection,RET-LYAW0,10/29/2024 7:40,10/9/2024 1:27,5,32,Hydraulic leak,Seal,3,CC-ASXAT,FALSE,FALSE,
VT-ABC-WO-9696,VT-ABC,AF-6904,Inspection,CC-I9IR0,10/13/2024 11:50,12/2/2024 1:53,5,32,Hydraulic leak,Seal,3,MTC-FGMC2,FALSE,FALSE,
VT-ABC-WO-9439,VT-ABC,LH-492,Inspection,RET-3PTN1,11/6/2024 9:35,11/24/2024 18:21,5,32,Hydraulic leak,Seal,3,GH-G32BO,FALSE,FALSE,
VT-ABC-WO-2417,VT-ABC,KL-3486,Inspection,OPS-TRO2F,12/16/2024 19:17,10/15/2024 19:04,5,32,Hydraulic leak,Seal,3,MTC-X5H83,FALSE,FALSE,
VT-ABC-WO-5715,VT-ABC,BA-6017,Inspection,RET-R8GVF,10/24/2024 17:13,10/18/2024 19:37,5,32,Hydraulic leak,Seal,3,SEC-F0FFZ,FALSE,FALSE,
VT-ABC-WO-4580,VT-ABC,KL-7299,Inspection,MTC-VY354,12/2/2024 3:25,11/15/2024 13:56,5,32,Hydraulic leak,Seal,3,OPS-67XJS,FALSE,FALSE,
VT-ABC-WO-1680,VT-ABC,LH-2599,Inspection,RET-91OQ5,10/28/2024 5:11,10/6/2024 11:27,5,32,Hydraulic leak,Seal,3,RET-C8S9L,FALSE,FALSE,
VT-ABC-WO-4462,VT-ABC,AI-8327,Inspection,GH-G08AQ,11/9/2024 6:07,12/12/2024 23:40,5,32,Hydraulic leak,Seal,3,CC-94ACP,FALSE,FALSE,
VT-ABC-WO-9889,VT-ABC,AF-8958,Inspection,GH-LMBJN,10/19/2024 16:52,12/23/2024 20:50,5,32,Hydraulic leak,Seal,3,OPS-AC24X,FALSE,FALSE,
VT-ABC-WO-8260,VT-ABC,QR-4441,Inspection,RET-Q9YT3,11/28/2024 15:32,11/30/2024 9:48,5,32,Hydraulic leak,Seal,3,MTC-FFZ02,FALSE,FALSE,
VT-ABC-WO-3161,VT-ABC,IX-9249,Inspection,SEC-0UC4U,12/22/2024 3:03,10/6/2024 19:28,5,32,Hydraulic leak,Seal,3,SEC-IFNTG,FALSE,FALSE,
VT-ABC-WO-1439,VT-ABC,QR-4441,Inspection,RET-0TD6T,10/12/2024 12:42,10/14/2024 14:57,5,32,Hydraulic leak,Seal,3,CC-BF7S6,FALSE,FALSE,
VT-ABC-WO-1963,VT-ABC,SQ-5646,Inspection,CC-V1B8N,10/7/2024 5:40,10/10/2024 16:04,5,32,Hydraulic leak,Seal,3,MTC-TWGNY,FALSE,FALSE,
VT-ABC-WO-5896,VT-ABC,6E-5087,Inspection,SEC-9RMFZ,11/18/2024 19:15,12/26/2024 1:34,5,32,Hydraulic leak,Seal,3,OPS-SP8MR,FALSE,FALSE,
VT-ABC-WO-2105,VT-ABC,LH-2373,Inspection,MTC-ZC4DR,10/13/2024 19:11,12/26/2024 18:57,5,32,Hydraulic leak,Seal,3,SEC-V8I6D,FALSE,FALSE,
VT-ABC-WO-6701,VT-ABC,KL-4878,Inspection,SEC-1BR3F,11/16/2024 1:13,10/13/2024 23:01,5,32,Hydraulic leak,Seal,3,CC-P3YMI,FALSE,FALSE,
VT-ABC-WO-7177,VT-ABC,SQ-803,Inspection,RET-TWRZ5,10/31/2024 7:05,11/6/2024 1:41,5,32,Hydraulic leak,Seal,3,SEC-18IX8,FALSE,FALSE,
VT-ABC-WO-9161,VT-ABC,SQ-5065,Inspection,OPS-J0YED,11/13/2024 3:29,12/1/2024 7:32,5,32,Hydraulic leak,Seal,3,MTC-DPFNV,FALSE,FALSE,
VT-ABC-WO-4671,VT-ABC,LH-1113,Inspection,MTC-0OMCS,11/26/2024 10:56,10/23/2024 7:43,5,32,Hydraulic leak,Seal,3,CC-E2BPP,FALSE,FALSE,
VT-ABC-WO-3262,VT-ABC,6E-6616,Inspection,GH-USAF9,11/18/2024 7:14,11/26/2024 10:31,5,32,Hydraulic leak,Seal,3,OPS-HB4DE,FALSE,FALSE,
VT-ABC-WO-9632,VT-ABC,6E-1500,Inspection,RET-SHUHK,10/28/2024 4:46,12/13/2024 18:24,5,32,Hydraulic leak,Seal,3,MTC-KNHLH,FALSE,FALSE,
VT-ABC-WO-9331,VT-ABC,SQ-8555,Inspection,MTC-JSJMN,11/17/2024 15:52,11/19/2024 12:50,5,32,Hydraulic leak,Seal,3,CC-60Y5M,FALSE,FALSE,
VT-ABC-WO-3975,VT-ABC,EK-610,Inspection,MTC-FLNQE,11/19/2024 20:19,12/19/2024 9:22,5,32,Hydraulic leak,Seal,3,OPS-4BFGW,FALSE,FALSE,
VT-ABC-WO-3338,VT-ABC,AF-3244,Inspection,RET-PVYJU,12/14/2024 18:26,12/3/2024 16:14,5,32,Hydraulic leak,Seal,3,CC-2LY0R,FALSE,FALSE,
VT-ABC-WO-5988,VT-ABC,6E-4196,Inspection,MTC-939FY,10/13/2024 21:54,12/26/2024 15:14,5,32,Hydraulic leak,Seal,3,GH-55CRU,FALSE,FALSE,
VT-ABC-WO-3833,VT-ABC,LH-8819,Inspection,GH-K7AK9,10/26/2024 12:45,11/26/2024 9:41,5,32,Hydraulic leak,Seal,3,MTC-8XK34,FALSE,FALSE,
VT-ABC-WO-9279,VT-ABC,6.00E-295,Inspection,GH-V7IAC,12/23/2024 1:54,11/5/2024 22:27,5,32,Hydraulic leak,Seal,3,RET-UWEZI,FALSE,FALSE,
